date,SYN_A,SYN_B
2000-01-01,55.0,44.0
2000-02-01,60.0,48.0
2000-03-01,70.0,56.0
2000-04-01,85.0,68.0
2000-05-01,100.0,80.0
2000-06-01,120.0,96.0
2000-07-01,130.0,104.0
2000-08-01,110.0,88.0
2000-09-01,90.0,72.0
2000-10-01,70.0,56.0
2000-11-01,60.0,48.0
2000-12-01,50.0,40.0
2001-01-01,24.75,19.8
2001-02-01,27.0,21.6
2001-03-01,31.5,25.200000000000003
2001-04-01,38.25,30.6
2001-05-01,45.0,36.0
2001-06-01,54.0,43.2
2001-07-01,58.5,46.800000000000004
2001-08-01,49.5,39.6
2001-09-01,40.5,32.4
2001-10-01,31.5,25.200000000000003
2001-11-01,27.0,21.6
2001-12-01,22.5,18.0
