date,natural_runoff_total,gw_recharge_total,channel_loss_total,diversion_withdraw_total,transfer_withdraw_total,transfer_delivery_total,transfer_delivery_to_demand,transfer_delivery_to_network,transfer_delivery_to_unresolved,demand_total,allocation_total,shortage_total,return_flow_total,return_flow_unrouted_total,consumption_total,source_supply_local_sw,source_supply_groundwater,source_supply_unconventional,source_supply_reservoir,source_supply_lake,source_supply_diversion,source_supply_transfer,source_supply_historical_closure,groundwater_supply_total,ocean_outflow_total,water_rights_quota_total,water_rights_use_total,water_rights_capped_total,allocation_balance_error,demand_balance_error,consumption_balance_error,transfer_balance_error,unused_transfer_delivery_to_demand
2000-01,243.9,24.39,0.0,0.0,30.0,28.5,28.5,0.0,0.0,350.0,159.12656875,190.87343125,86.206095625,0.0,72.920473125,98.12656874999999,32.5,0.0,0.0,0.0,0.0,28.5,0.0,32.5,0.0,0.0,0.0,0.0,0.0,0.0,0.0,0.0,0.0
2000-02,280.8,28.080000000000002,0.0,0.0,30.0,28.5,28.5,0.0,0.0,350.0,211.6949806359375,138.3050193640625,102.00849419078125,0.0,109.68648644515625,150.6949806359375,32.5,0.0,0.0,0.0,0.0,28.5,0.0,32.5,0.0,0.0,0.0,0.0,0.0,0.0,0.0,0.0,0.0
2000-03,354.6,35.46,0.0,0.0,30.0,28.5,28.5,0.0,0.0,350.0,252.18629646403707,97.81370353596292,114.15588893921112,0.0,138.03040752482596,191.18629646403707,32.5,0.0,0.0,0.0,0.0,28.5,0.0,32.5,0.0,0.0,0.0,0.0,0.0,0.0,0.0,0.0,0.0
2000-04,465.3,46.53,0.0,0.0,30.0,28.5,28.5,0.0,0.0,350.0,308.3969011688115,41.60309883118849,131.01907035064346,0.0,177.37783081816804,247.3969011688115,32.5,0.0,0.0,0.0,0.0,28.5,0.0,32.5,0.0,0.0,0.0,0.0,0.0,0.0,0.0,0.0,0.0
2000-05,576.0,57.6,0.0,0.0,30.0,28.5,28.5,0.0,0.0,350.0,338.92390970192815,11.076090298071833,140.17717291057846,0.0,198.74673679134972,297.92390970192815,12.5,0.0,0.0,0.0,0.0,28.5,0.0,12.5,0.0,0.0,0.0,0.0,0.0,0.0,-5.684341886080802e-14,0.0,0.0
2000-06,723.6,72.36,0.0,0.0,30.0,28.5,28.5,0.0,0.0,350.0,350.0,0.0,143.5,0.0,206.5,321.5,0.0,0.0,0.0,0.0,0.0,28.5,0.0,0.0,0.0,0.0,0.0,0.0,0.0,0.0,0.0,0.0,0.0
2000-07,797.4000000000001,79.74000000000001,0.0,0.0,30.0,28.5,28.5,0.0,0.0,350.0,350.0,0.0,143.5,0.0,206.5,321.5,0.0,0.0,0.0,0.0,0.0,28.5,0.0,0.0,0.0,0.0,0.0,0.0,0.0,0.0,0.0,0.0,0.0
2000-08,649.8,64.98,0.0,0.0,30.0,28.5,28.5,0.0,0.0,350.0,350.0,0.0,143.5,0.0,206.5,316.47,5.030000000000001,0.0,0.0,0.0,0.0,28.5,0.0,5.030000000000001,0.0,0.0,0.0,0.0,0.0,0.0,0.0,0.0,0.0
2000-09,502.20000000000005,50.220000000000006,0.0,0.0,30.0,28.5,28.5,0.0,0.0,350.0,327.54499999999996,22.455000000000013,136.7635,0.0,190.7815,278.003915,21.04108499999998,0.0,0.0,0.0,0.0,28.5,0.0,21.04108499999998,0.0,0.0,0.0,0.0,0.0,0.0,0.0,0.0,0.0
2000-10,354.6,35.46,0.0,0.0,30.0,28.5,28.5,0.0,0.0,350.0,267.19799620875,82.80200379125002,118.659398862625,0.0,148.538597346125,206.19799620875,32.5,0.0,0.0,0.0,0.0,28.5,0.0,32.5,0.0,0.0,0.0,0.0,0.0,0.0,0.0,0.0,0.0
2000-11,280.8,28.080000000000002,0.0,0.0,30.0,28.5,28.5,0.0,0.0,350.0,225.0649890845831,124.9350109154169,106.01949672537494,0.0,119.04549235920817,164.0649890845831,32.5,0.0,0.0,0.0,0.0,28.5,0.0,32.5,0.0,0.0,0.0,0.0,0.0,0.0,0.0,0.0,0.0
2000-12,207.0,20.7,0.0,0.0,30.0,28.5,28.5,0.0,0.0,350.0,185.6380134977225,164.3619865022775,94.19140404931674,0.0,91.44660944840575,124.63801349772248,32.5,0.0,0.0,0.0,0.0,28.5,0.0,32.5,0.0,0.0,0.0,0.0,2.842170943040401e-14,0.0,0.0,0.0,0.0
2001-01,21.375000000000004,2.1375000000000006,0.0,0.0,28.317734302920883,26.90184758777484,26.90184758777484,0.0,0.0,350.0,94.17041074720146,255.82958925279854,58.65623082332087,0.0,35.51417992388058,34.76856315942662,32.5,0.0,0.0,0.0,0.0,26.90184758777484,0.0,32.5,0.0,0.0,0.0,0.0,0.0,0.0,0.0,0.0,0.0
2001-02,37.260000000000005,3.726000000000001,0.0,0.0,19.390390624999995,18.420871093749994,18.420871093749994,0.0,0.0,350.0,82.12409342844168,267.8759065715583,51.428440432065,0.0,30.695652996376673,31.203222334691688,32.5,0.0,0.0,0.0,0.0,18.420871093749994,0.0,32.5,0.0,0.0,0.0,0.0,0.0,0.0,0.0,0.0,0.0
2001-03,70.47000000000001,7.0470000000000015,0.0,0.0,30.0,28.5,28.5,0.0,0.0,350.0,99.35647074776318,250.64352925223682,62.08840981193916,0.0,37.268060935824025,38.35647074776318,32.5,0.0,0.0,0.0,0.0,28.5,0.0,32.5,0.0,0.0,0.0,0.0,0.0,0.0,0.0,0.0,0.0
2001-04,120.285,12.028500000000001,0.0,0.0,30.0,28.5,28.5,0.0,0.0,350.0,126.3731416479994,223.6268583520006,70.58924997581096,0.0,55.783891672188446,65.3731416479994,32.5,0.0,0.0,0.0,0.0,28.5,0.0,32.5,0.0,0.0,0.0,0.0,0.0,0.0,0.0,0.0,0.0
2001-05,170.1,17.01,0.0,0.0,30.0,28.5,28.5,0.0,0.0,350.0,152.9449414526203,197.0550585473797,81.94310527832761,0.0,71.00183617429269,91.9449414526203,32.5,0.0,0.0,0.0,0.0,28.5,0.0,32.5,0.0,0.0,0.0,0.0,0.0,0.0,0.0,0.0,0.0
2001-06,236.52,23.652,0.0,0.0,30.0,28.5,28.5,0.0,0.0,350.0,188.8155152892587,161.1844847107413,95.14465458677762,0.0,93.67086070248111,127.81551528925871,32.5,0.0,0.0,0.0,0.0,28.5,0.0,32.5,0.0,0.0,0.0,0.0,0.0,0.0,0.0,0.0,0.0
2001-07,269.73,26.973,0.0,0.0,30.0,28.5,28.5,0.0,0.0,350.0,210.05180804532898,139.94819195467102,101.5155424135987,0.0,108.53626563173029,149.05180804532898,32.5,0.0,0.0,0.0,0.0,28.5,0.0,32.5,0.0,0.0,0.0,0.0,0.0,0.0,0.0,0.0,0.0
2001-08,203.31,20.331000000000003,0.0,0.0,30.0,28.5,28.5,0.0,0.0,350.0,182.08647114569527,167.91352885430473,93.12594134370859,0.0,88.9605298019867,121.08647114569528,32.5,0.0,0.0,0.0,0.0,28.5,0.0,32.5,0.0,0.0,0.0,0.0,0.0,0.0,0.0,0.0,0.0
2001-09,136.89,13.689,0.0,0.0,30.0,28.5,28.5,0.0,0.0,350.0,147.83637658152716,202.16362341847284,79.67598805361548,0.0,68.16038852791168,86.83637658152716,32.5,0.0,0.0,0.0,0.0,28.5,0.0,32.5,0.0,0.0,0.0,0.0,0.0,0.0,0.0,0.0,0.0
2001-10,70.47000000000001,7.0470000000000015,0.0,0.0,23.525150158314673,22.348892650398938,22.348892650398938,0.0,0.0,350.0,108.46708218808647,241.53291781191353,63.71403090642593,0.0,44.75305128166052,53.61818953768752,32.5,0.0,0.0,0.0,0.0,22.348892650398938,0.0,32.5,0.0,0.0,0.0,0.0,0.0,0.0,1.4210854715202004e-14,0.0,0.0
2001-11,37.260000000000005,3.726000000000001,0.0,0.0,22.160312500000003,21.052296875000003,21.052296875000003,0.0,0.0,350.0,85.51623871388662,264.48376128611335,53.463727603331975,0.0,32.05251111055465,31.963941838886623,32.5,0.0,0.0,0.0,0.0,21.052296875000003,0.0,32.5,0.0,0.0,0.0,0.0,0.0,0.0,0.0,0.0,0.0
2001-12,11.25,1.125,0.0,0.0,5.2655781249999976,5.0022992187499975,5.0022992187499975,0.0,0.0,350.0,61.72985936357663,288.2701406364234,38.98823750877098,0.0,22.74162185480565,24.227560144826633,32.5,0.0,0.0,0.0,0.0,5.0022992187499975,0.0,32.5,0.0,0.0,0.0,0.0,0.0,0.0,0.0,0.0,0.0
