date,node_id,sector,demand_wan_m3,supply_wan_m3,shortage_wan_m3
2000-01-01,DM_SYN_A,生活,25.0,25.0,0.0
2000-02-01,DM_SYN_A,生活,25.0,25.0,0.0
2000-03-01,DM_SYN_A,生活,25.0,25.0,0.0
2000-04-01,DM_SYN_A,生活,25.0,25.0,0.0
2000-05-01,DM_SYN_A,生活,25.0,25.0,0.0
2000-06-01,DM_SYN_A,生活,25.0,25.0,0.0
2000-07-01,DM_SYN_A,生活,25.0,25.0,0.0
2000-08-01,DM_SYN_A,生活,25.0,25.0,0.0
2000-09-01,DM_SYN_A,生活,25.0,25.0,0.0
2000-10-01,DM_SYN_A,生活,25.0,25.0,0.0
2000-11-01,DM_SYN_A,生活,25.0,25.0,0.0
2000-12-01,DM_SYN_A,生活,25.0,25.0,0.0
2001-01-01,DM_SYN_A,生活,25.0,21.53984375,3.4601562500000007
2001-02-01,DM_SYN_A,生活,25.0,21.53984375,3.4601562500000007
2001-03-01,DM_SYN_A,生活,25.0,24.7452736328125,0.2547263671875015
2001-04-01,DM_SYN_A,生活,25.0,25.0,0.0
2001-05-01,DM_SYN_A,生活,25.0,25.0,0.0
2001-06-01,DM_SYN_A,生活,25.0,25.0,0.0
2001-07-01,DM_SYN_A,生活,25.0,25.0,0.0
2001-08-01,DM_SYN_A,生活,25.0,25.0,0.0
2001-09-01,DM_SYN_A,生活,25.0,25.0,0.0
2001-10-01,DM_SYN_A,生活,25.0,25.0,0.0
2001-11-01,DM_SYN_A,生活,25.0,21.53984375,3.4601562500000007
2001-12-01,DM_SYN_A,生活,25.0,19.503218906249998,5.496781093750002
2000-01-01,DM_SYN_A,工业,25.0,24.893749999999997,0.10625000000000284
2000-02-01,DM_SYN_A,工业,25.0,25.0,0.0
2000-03-01,DM_SYN_A,工业,25.0,25.0,0.0
2000-04-01,DM_SYN_A,工业,25.0,25.0,0.0
2000-05-01,DM_SYN_A,工业,25.0,25.0,0.0
2000-06-01,DM_SYN_A,工业,25.0,25.0,0.0
2000-07-01,DM_SYN_A,工业,25.0,25.0,0.0
2000-08-01,DM_SYN_A,工业,25.0,25.0,0.0
2000-09-01,DM_SYN_A,工业,25.0,25.0,0.0
2000-10-01,DM_SYN_A,工业,25.0,25.0,0.0
2000-11-01,DM_SYN_A,工业,25.0,25.0,0.0
2000-12-01,DM_SYN_A,工业,25.0,25.0,0.0
2001-01-01,DM_SYN_A,工业,25.0,0.0,25.0
2001-02-01,DM_SYN_A,工业,25.0,0.0,25.0
2001-03-01,DM_SYN_A,工业,25.0,0.0,25.0
2001-04-01,DM_SYN_A,工业,25.0,5.591024938037108,19.40897506196289
2001-05-01,DM_SYN_A,工业,25.0,16.8654094751384,8.1345905248616
2001-06-01,DM_SYN_A,工业,25.0,25.0,0.0
2001-07-01,DM_SYN_A,工业,25.0,25.0,0.0
2001-08-01,DM_SYN_A,工业,25.0,25.0,0.0
2001-09-01,DM_SYN_A,工业,25.0,14.416916930524451,10.583083069475549
2001-10-01,DM_SYN_A,工业,25.0,0.5796874999999986,24.4203125
2001-11-01,DM_SYN_A,工业,25.0,0.0,25.0
2001-12-01,DM_SYN_A,工业,25.0,0.0,25.0
2000-01-01,DM_SYN_A,农业,95.0,0.0,95.0
2000-02-01,DM_SYN_A,农业,95.0,18.16005312499999,76.83994687500001
2000-03-01,DM_SYN_A,农业,95.0,34.955215299218736,60.044784700781264
2000-04-01,DM_SYN_A,农业,95.0,59.07428272609705,35.92571727390295
2000-05-01,DM_SYN_A,农业,95.0,83.92390970192817,11.076090298071833
2000-06-01,DM_SYN_A,农业,95.0,95.0,0.0
2000-07-01,DM_SYN_A,农业,95.0,95.0,0.0
2000-08-01,DM_SYN_A,农业,95.0,95.0,0.0
2000-09-01,DM_SYN_A,农业,95.0,72.54499999999999,22.455000000000013
2000-10-01,DM_SYN_A,农业,95.0,40.38011375000001,54.61988624999999
2000-11-01,DM_SYN_A,农业,95.0,22.209166346562483,72.79083365343752
2000-12-01,DM_SYN_A,农业,95.0,5.434114343069602,89.56588565693039
2001-01-01,DM_SYN_A,农业,95.0,0.0,95.0
2001-02-01,DM_SYN_A,农业,95.0,0.0,95.0
2001-03-01,DM_SYN_A,农业,95.0,0.0,95.0
2001-04-01,DM_SYN_A,农业,95.0,0.0,95.0
2001-05-01,DM_SYN_A,农业,95.0,0.0,95.0
2001-06-01,DM_SYN_A,农业,95.0,7.580899190290104,87.4191008097099
2001-07-01,DM_SYN_A,农业,95.0,16.693069694231433,78.30693030576856
2001-08-01,DM_SYN_A,农业,95.0,4.135758701999578,90.86424129800042
2001-09-01,DM_SYN_A,农业,95.0,0.0,95.0
2001-10-01,DM_SYN_A,农业,95.0,0.0,95.0
2001-11-01,DM_SYN_A,农业,95.0,0.0,95.0
2001-12-01,DM_SYN_A,农业,95.0,0.0,95.0
2000-01-01,DM_SYN_A,生态,5.0,5.0,0.0
2000-02-01,DM_SYN_A,生态,5.0,5.0,0.0
2000-03-01,DM_SYN_A,生态,5.0,5.0,0.0
2000-04-01,DM_SYN_A,生态,5.0,5.0,0.0
2000-05-01,DM_SYN_A,生态,5.0,5.0,0.0
2000-06-01,DM_SYN_A,生态,5.0,5.0,0.0
2000-07-01,DM_SYN_A,生态,5.0,5.0,0.0
2000-08-01,DM_SYN_A,生态,5.0,5.0,0.0
2000-09-01,DM_SYN_A,生态,5.0,5.0,0.0
2000-10-01,DM_SYN_A,生态,5.0,5.0,0.0
2000-11-01,DM_SYN_A,生态,5.0,5.0,0.0
2000-12-01,DM_SYN_A,生态,5.0,5.0,0.0
2001-01-01,DM_SYN_A,生态,5.0,0.0,5.0
2001-02-01,DM_SYN_A,生态,5.0,0.0,5.0
2001-03-01,DM_SYN_A,生态,5.0,0.0,5.0
2001-04-01,DM_SYN_A,生态,5.0,5.0,0.0
2001-05-01,DM_SYN_A,生态,5.0,5.0,0.0
2001-06-01,DM_SYN_A,生态,5.0,5.0,0.0
2001-07-01,DM_SYN_A,生态,5.0,5.0,0.0
2001-08-01,DM_SYN_A,生态,5.0,5.0,0.0
2001-09-01,DM_SYN_A,生态,5.0,5.0,0.0
2001-10-01,DM_SYN_A,生态,5.0,5.0,0.0
2001-11-01,DM_SYN_A,生态,5.0,0.0,5.0
2001-12-01,DM_SYN_A,生态,5.0,0.0,5.0
2000-01-01,DM_SYN_B,生活,30.0,30.0,0.0
2000-02-01,DM_SYN_B,生活,30.0,30.0,0.0
2000-03-01,DM_SYN_B,生活,30.0,30.0,0.0
2000-04-01,DM_SYN_B,生活,30.0,30.0,0.0
2000-05-01,DM_SYN_B,生活,30.0,30.0,0.0
2000-06-01,DM_SYN_B,生活,30.0,30.0,0.0
2000-07-01,DM_SYN_B,生活,30.0,30.0,0.0
2000-08-01,DM_SYN_B,生活,30.0,30.0,0.0
2000-09-01,DM_SYN_B,生活,30.0,30.0,0.0
2000-10-01,DM_SYN_B,生活,30.0,30.0,0.0
2000-11-01,DM_SYN_B,生活,30.0,30.0,0.0
2000-12-01,DM_SYN_B,生活,30.0,30.0,0.0
2001-01-01,DM_SYN_B,生活,30.0,30.0,0.0
2001-02-01,DM_SYN_B,生活,30.0,30.0,0.0
2001-03-01,DM_SYN_B,生活,30.0,30.0,0.0
2001-04-01,DM_SYN_B,生活,30.0,30.0,0.0
2001-05-01,DM_SYN_B,生活,30.0,30.0,0.0
2001-06-01,DM_SYN_B,生活,30.0,30.0,0.0
2001-07-01,DM_SYN_B,生活,30.0,30.0,0.0
2001-08-01,DM_SYN_B,生活,30.0,30.0,0.0
2001-09-01,DM_SYN_B,生活,30.0,30.0,0.0
2001-10-01,DM_SYN_B,生活,30.0,30.0,0.0
2001-11-01,DM_SYN_B,生活,30.0,30.0,0.0
2001-12-01,DM_SYN_B,生活,30.0,30.0,0.0
2000-01-01,DM_SYN_B,工业,40.0,40.0,0.0
2000-02-01,DM_SYN_B,工业,40.0,40.0,0.0
2000-03-01,DM_SYN_B,工业,40.0,40.0,0.0
2000-04-01,DM_SYN_B,工业,40.0,40.0,0.0
2000-05-01,DM_SYN_B,工业,40.0,40.0,0.0
2000-06-01,DM_SYN_B,工业,40.0,40.0,0.0
2000-07-01,DM_SYN_B,工业,40.0,40.0,0.0
2000-08-01,DM_SYN_B,工业,40.0,40.0,0.0
2000-09-01,DM_SYN_B,工业,40.0,40.0,0.0
2000-10-01,DM_SYN_B,工业,40.0,40.0,0.0
2000-11-01,DM_SYN_B,工业,40.0,40.0,0.0
2000-12-01,DM_SYN_B,工业,40.0,40.0,0.0
2001-01-01,DM_SYN_B,工业,40.0,37.630566997201456,2.3694330027985444
2001-02-01,DM_SYN_B,工业,40.0,25.584249678441683,14.415750321558317
2001-03-01,DM_SYN_B,工业,40.0,39.611197114950684,0.3888028850493157
2001-04-01,DM_SYN_B,工业,40.0,40.0,0.0
2001-05-01,DM_SYN_B,工业,40.0,40.0,0.0
2001-06-01,DM_SYN_B,工业,40.0,40.0,0.0
2001-07-01,DM_SYN_B,工业,40.0,40.0,0.0
2001-08-01,DM_SYN_B,工业,40.0,40.0,0.0
2001-09-01,DM_SYN_B,工业,40.0,40.0,0.0
2001-10-01,DM_SYN_B,工业,40.0,40.0,0.0
2001-11-01,DM_SYN_B,工业,40.0,28.976394963886626,11.023605036113374
2001-12-01,DM_SYN_B,工业,40.0,7.226640457326631,32.77335954267337
2000-01-01,DM_SYN_B,农业,125.0,29.23281875,95.76718125
2000-02-01,DM_SYN_B,农业,125.0,63.53492751093749,61.46507248906251
2000-03-01,DM_SYN_B,农业,125.0,87.23108116481835,37.76891883518165
2000-04-01,DM_SYN_B,农业,125.0,119.32261844271446,5.677381557285543
2000-05-01,DM_SYN_B,农业,125.0,125.0,0.0
2000-06-01,DM_SYN_B,农业,125.0,125.0,0.0
2000-07-01,DM_SYN_B,农业,125.0,125.0,0.0
2000-08-01,DM_SYN_B,农业,125.0,125.0,0.0
2000-09-01,DM_SYN_B,农业,125.0,125.0,0.0
2000-10-01,DM_SYN_B,农业,125.0,96.81788245874998,28.182117541250022
2000-11-01,DM_SYN_B,农业,125.0,72.85582273802062,52.14417726197938
2000-12-01,DM_SYN_B,农业,125.0,50.20389915465289,74.79610084534711
2001-01-01,DM_SYN_B,农业,125.0,0.0,125.0
2001-02-01,DM_SYN_B,农业,125.0,0.0,125.0
2001-03-01,DM_SYN_B,农业,125.0,0.0,125.0
2001-04-01,DM_SYN_B,农业,125.0,15.782116709962295,109.2178832900377
2001-05-01,DM_SYN_B,农业,125.0,31.0795319774819,93.9204680225181
2001-06-01,DM_SYN_B,农业,125.0,51.234616098968615,73.76538390103138
2001-07-01,DM_SYN_B,农业,125.0,63.35873835109756,61.64126164890244
2001-08-01,DM_SYN_B,农业,125.0,47.95071244369571,77.0492875563043
2001-09-01,DM_SYN_B,农业,125.0,28.419459651002718,96.58054034899729
2001-10-01,DM_SYN_B,农业,125.0,2.8873946880864594,122.11260531191354
2001-11-01,DM_SYN_B,农业,125.0,0.0,125.0
2001-12-01,DM_SYN_B,农业,125.0,0.0,125.0
2000-01-01,DM_SYN_B,生态,5.0,5.0,0.0
2000-02-01,DM_SYN_B,生态,5.0,5.0,0.0
2000-03-01,DM_SYN_B,生态,5.0,5.0,0.0
2000-04-01,DM_SYN_B,生态,5.0,5.0,0.0
2000-05-01,DM_SYN_B,生态,5.0,5.0,0.0
2000-06-01,DM_SYN_B,生态,5.0,5.0,0.0
2000-07-01,DM_SYN_B,生态,5.0,5.0,0.0
2000-08-01,DM_SYN_B,生态,5.0,5.0,0.0
2000-09-01,DM_SYN_B,生态,5.0,5.0,0.0
2000-10-01,DM_SYN_B,生态,5.0,5.0,0.0
2000-11-01,DM_SYN_B,生态,5.0,5.0,0.0
2000-12-01,DM_SYN_B,生态,5.0,5.0,0.0
2001-01-01,DM_SYN_B,生态,5.0,5.0,0.0
2001-02-01,DM_SYN_B,生态,5.0,5.0,0.0
2001-03-01,DM_SYN_B,生态,5.0,5.0,0.0
2001-04-01,DM_SYN_B,生态,5.0,5.0,0.0
2001-05-01,DM_SYN_B,生态,5.0,5.0,0.0
2001-06-01,DM_SYN_B,生态,5.0,5.0,0.0
2001-07-01,DM_SYN_B,生态,5.0,5.0,0.0
2001-08-01,DM_SYN_B,生态,5.0,5.0,0.0
2001-09-01,DM_SYN_B,生态,5.0,5.0,0.0
2001-10-01,DM_SYN_B,生态,5.0,5.0,0.0
2001-11-01,DM_SYN_B,生态,5.0,5.0,0.0
2001-12-01,DM_SYN_B,生态,5.0,5.0,0.0
