date,unit_id,runoff_wan_m3,recharge_wan_m3
2000-01-01,SYN_A,157.5,15.75
2000-02-01,SYN_A,180.0,18.0
2000-03-01,SYN_A,225.0,22.5
2000-04-01,SYN_A,292.5,29.25
2000-05-01,SYN_A,360.0,36.0
2000-06-01,SYN_A,450.0,45.0
2000-07-01,SYN_A,495.0,49.5
2000-08-01,SYN_A,405.0,40.5
2000-09-01,SYN_A,315.0,31.5
2000-10-01,SYN_A,225.0,22.5
2000-11-01,SYN_A,180.0,18.0
2000-12-01,SYN_A,135.0,13.5
2001-01-01,SYN_A,21.375000000000004,2.1375000000000006
2001-02-01,SYN_A,31.5,3.1500000000000004
2001-03-01,SYN_A,51.75,5.175000000000001
2001-04-01,SYN_A,82.125,8.2125
2001-05-01,SYN_A,112.5,11.25
2001-06-01,SYN_A,153.0,15.3
2001-07-01,SYN_A,173.25,17.325
2001-08-01,SYN_A,132.75,13.275
2001-09-01,SYN_A,92.25,9.225
2001-10-01,SYN_A,51.75,5.175000000000001
2001-11-01,SYN_A,31.5,3.1500000000000004
2001-12-01,SYN_A,11.25,1.125
2000-01-01,SYN_B,86.4,8.64
2000-02-01,SYN_B,100.80000000000001,10.080000000000002
2000-03-01,SYN_B,129.6,12.96
2000-04-01,SYN_B,172.8,17.28
2000-05-01,SYN_B,216.0,21.6
2000-06-01,SYN_B,273.6,27.360000000000003
2000-07-01,SYN_B,302.40000000000003,30.240000000000006
2000-08-01,SYN_B,244.8,24.480000000000004
2000-09-01,SYN_B,187.20000000000005,18.720000000000006
2000-10-01,SYN_B,129.6,12.96
2000-11-01,SYN_B,100.80000000000001,10.080000000000002
2000-12-01,SYN_B,72.0,7.2
2001-01-01,SYN_B,0.0,0.0
2001-02-01,SYN_B,5.760000000000005,0.5760000000000005
2001-03-01,SYN_B,18.72000000000001,1.872000000000001
2001-04-01,SYN_B,38.160000000000004,3.8160000000000007
2001-05-01,SYN_B,57.6,5.760000000000001
2001-06-01,SYN_B,83.52000000000001,8.352000000000002
2001-07-01,SYN_B,96.48,9.648000000000001
2001-08-01,SYN_B,70.56,7.056000000000001
2001-09-01,SYN_B,44.63999999999999,4.4639999999999995
2001-10-01,SYN_B,18.72000000000001,1.872000000000001
2001-11-01,SYN_B,5.760000000000005,0.5760000000000005
2001-12-01,SYN_B,0.0,0.0
